{"cameraMode":{"drawMode":0,"name":"Shaded","section":"Shading Mode"},"sceneLighting":false,"audioPlay":false,"sceneViewState":{"showFog":true,"showMaterialUpdate":false,"showSkybox":true,"showFlares":true,"showImageEffects":true,"showParticleSystems":true},"in2DMode":false,"pivot":{"x":1.1920928955078126e-7,"y":0.0,"z":-2.2351741790771485e-7},"rotation":{"x":-0.07294467091560364,"y":0.8948725461959839,"z":-0.15896855294704438,"w":-0.41062310338020327},"size":2.857893943786621,"orthographic":false}