{"cameraMode":{"drawMode":0,"name":"Shaded","section":"Shading Mode"},"sceneLighting":true,"audioPlay":false,"sceneViewState":{"showFog":true,"showMaterialUpdate":false,"showSkybox":true,"showFlares":true,"showImageEffects":true,"showParticleSystems":true},"in2DMode":false,"pivot":{"x":-0.3945683240890503,"y":0.17168307304382325,"z":0.36160731315612795},"rotation":{"x":-0.0928366556763649,"y":0.8631214499473572,"z":-0.17209841310977937,"w":-0.4656016528606415},"size":2.8578836917877199,"orthographic":false}