{"cameraMode":{"drawMode":0,"name":"Shaded","section":"Shading Mode"},"sceneLighting":false,"audioPlay":false,"sceneViewState":{"showFog":true,"showMaterialUpdate":false,"showSkybox":true,"showFlares":true,"showImageEffects":true,"showParticleSystems":true},"in2DMode":false,"pivot":{"x":6.036482810974121,"y":0.8161542415618897,"z":0.0065552592277526859},"rotation":{"x":0.0239908117800951,"y":0.02399078570306301,"z":-0.0005758764455094934,"w":0.9994240999221802},"size":4.527862548828125,"orthographic":true}