{"cameraMode":{"drawMode":0,"name":"Shaded","section":"Shading Mode"},"sceneLighting":false,"audioPlay":false,"sceneViewState":{"showFog":true,"showMaterialUpdate":false,"showSkybox":true,"showFlares":true,"showImageEffects":true,"showParticleSystems":true},"in2DMode":false,"pivot":{"x":-5.7014923095703129,"y":3.8900957107543947,"z":12.286340713500977},"rotation":{"x":-0.08958766609430313,"y":-0.27362579107284548,"z":0.02560650184750557,"w":-0.9573125839233398},"size":23.92995262145996,"orthographic":false}