{"cameraMode":{"drawMode":0,"name":"Shaded","section":"Shading Mode"},"sceneLighting":false,"audioPlay":false,"sceneViewState":{"showFog":true,"showMaterialUpdate":false,"showSkybox":true,"showFlares":true,"showImageEffects":true,"showParticleSystems":true},"in2DMode":false,"pivot":{"x":0.049386024475097659,"y":-2.35672664642334,"z":4.067633628845215},"rotation":{"x":-0.1570764183998108,"y":0.5678352117538452,"z":-0.1114511638879776,"w":-0.80029296875},"size":9.16417121887207,"orthographic":false}