{"cameraMode":{"drawMode":0,"name":"Shaded","section":"Shading Mode"},"sceneLighting":false,"audioPlay":false,"sceneViewState":{"showFog":true,"showMaterialUpdate":false,"showSkybox":true,"showFlares":true,"showImageEffects":true,"showParticleSystems":true},"in2DMode":false,"pivot":{"x":0.9055404663085938,"y":-1.9826545715332032,"z":4.192286491394043},"rotation":{"x":-0.12006178498268128,"y":0.8414372205734253,"z":-0.20886798202991486,"w":-0.4836762547492981},"size":33.00041198730469,"orthographic":false}