{"cameraMode":{"drawMode":0,"name":"Shaded","section":"Shading Mode"},"sceneLighting":false,"audioPlay":false,"sceneViewState":{"showFog":true,"showMaterialUpdate":false,"showSkybox":true,"showFlares":true,"showImageEffects":true,"showParticleSystems":true},"in2DMode":false,"pivot":{"x":-0.0011811256408691407,"y":-0.5438723564147949,"z":-0.4157041311264038},"rotation":{"x":-0.08497178554534912,"y":0.6731356382369995,"z":-0.07830620557069779,"w":-0.7304357886314392},"size":3.8072898387908937,"orthographic":false}