{"cameraMode":{"drawMode":0,"name":"Shaded","section":"Shading Mode"},"sceneLighting":false,"audioPlay":false,"sceneViewState":{"showFog":true,"showMaterialUpdate":false,"showSkybox":true,"showFlares":true,"showImageEffects":true,"showParticleSystems":true},"in2DMode":false,"pivot":{"x":0.7998945116996765,"y":1.6020338535308838,"z":-14.959996223449707},"rotation":{"x":-0.24233071506023408,"y":0.0180406142026186,"z":-0.004507001489400864,"w":-0.9700155258178711},"size":11.114150047302246,"orthographic":false}