{"cameraMode":{"drawMode":0,"name":"Shaded","section":"Shading Mode"},"sceneLighting":false,"audioPlay":false,"sceneViewState":{"showFog":true,"showMaterialUpdate":false,"showSkybox":true,"showFlares":true,"showImageEffects":true,"showParticleSystems":true},"in2DMode":false,"pivot":{"x":-3.679443359375,"y":2.466139554977417,"z":-1.0186963081359864},"rotation":{"x":-0.14737173914909364,"y":-0.8004125952720642,"z":0.21920520067214967,"w":-0.5381173491477966},"size":4.394058704376221,"orthographic":false}