{"cameraMode":{"drawMode":0,"name":"Shaded","section":"Shading Mode"},"sceneLighting":false,"audioPlay":false,"sceneViewState":{"showFog":true,"showMaterialUpdate":false,"showSkybox":true,"showFlares":true,"showImageEffects":true,"showParticleSystems":true},"in2DMode":false,"pivot":{"x":-16.545269012451173,"y":0.6453418731689453,"z":-15.184380531311036},"rotation":{"x":-0.044317375868558887,"y":0.9354279637336731,"z":-0.3270168602466583,"w":-0.12677001953125},"size":2.336275815963745,"orthographic":false}