{"cameraMode":{"drawMode":0,"name":"Shaded","section":"Shading Mode"},"sceneLighting":false,"audioPlay":false,"sceneViewState":{"showFog":true,"showMaterialUpdate":false,"showSkybox":true,"showFlares":true,"showImageEffects":true,"showParticleSystems":true},"in2DMode":false,"pivot":{"x":-10.138764381408692,"y":1.5542608499526978,"z":-18.506898880004884},"rotation":{"x":-0.24233071506023408,"y":0.0180406142026186,"z":-0.004507001489400864,"w":-0.9700155258178711},"size":9.837298393249512,"orthographic":false}