{"cameraMode":{"drawMode":0,"name":"Shaded","section":"Shading Mode"},"sceneLighting":false,"audioPlay":false,"sceneViewState":{"showFog":true,"showMaterialUpdate":false,"showSkybox":true,"showFlares":true,"showImageEffects":true,"showParticleSystems":true},"in2DMode":false,"pivot":{"x":0.25344914197921755,"y":0.7771304249763489,"z":-0.06938233971595764},"rotation":{"x":-0.24233071506023408,"y":0.0180406142026186,"z":-0.004507001489400864,"w":-0.9700155258178711},"size":4.9186482429504398,"orthographic":false}