{"cameraMode":{"drawMode":0,"name":"Shaded","section":"Shading Mode"},"sceneLighting":false,"audioPlay":false,"sceneViewState":{"showFog":true,"showMaterialUpdate":false,"showSkybox":true,"showFlares":true,"showImageEffects":true,"showParticleSystems":true},"in2DMode":false,"pivot":{"x":0.0028723478317260744,"y":0.46355724334716799,"z":-0.04734545201063156},"rotation":{"x":0.0239908117800951,"y":0.02399078570306301,"z":-0.0005758764455094934,"w":0.9994240999221802},"size":2.6809232234954836,"orthographic":true}