{"cameraMode":{"drawMode":0,"name":"Shaded","section":"Shading Mode"},"sceneLighting":false,"audioPlay":false,"sceneViewState":{"showFog":true,"showMaterialUpdate":false,"showSkybox":true,"showFlares":true,"showImageEffects":true,"showParticleSystems":true},"in2DMode":false,"pivot":{"x":-4.338016510009766,"y":-1.746774435043335,"z":-5.598165035247803},"rotation":{"x":0.06293348222970963,"y":-0.8968140482902527,"z":0.1355404406785965,"w":0.41640451550483706},"size":2.8578836917877199,"orthographic":false}